SeriousDlqin2yrs,RevolvingUtilizationOfUnsecuredLines,age,NumberOfTime30-59DaysPastDueNotWorse,DebtRatio,MonthlyIncome,NumberOfOpenCreditLinesAndLoans,NumberOfTimes90DaysLate,NumberRealEstateLoansOrLines,NumberOfTime60-89DaysPastDueNotWorse,NumberOfDependents
0,0.250475587,65,0,1963.0,,5,0,2,0,0.0
0,0.97540246,58,0,0.049441245999999994,5905.0,1,0,0,0,0.0
0,0.0,82,0,0.000932836,3215.0,10,0,0,0,0.0
0,0.571490656,36,0,0.11386353800000001,2300.0,6,1,0,0,0.0
0,0.410499489,45,0,0.47857234200000004,7816.0,11,0,1,0,1.0
0,0.534543064,63,0,0.232685631,16416.0,11,0,3,0,0.0
0,0.982225514,52,0,0.804941482,3075.0,8,0,2,0,1.0
0,0.0,52,1,0.452927215,7583.0,11,0,3,0,0.0
0,0.086377971,51,0,0.21946342300000002,6000.0,5,0,2,0,3.0
1,0.9999998999999999,50,2,0.128019783,5256.0,1,0,0,1,0.0
1,0.833379133,56,0,0.49425727399999997,7835.0,10,0,1,0,1.0
0,0.01086862,43,0,1062.0,,2,0,1,0,
0,0.0,36,0,0.24311143600000001,4100.0,7,0,1,0,0.0
0,0.050523499000000006,61,0,0.47340673,6448.0,10,0,2,0,3.0
0,0.568473683,57,0,0.8226520620000001,4290.0,8,0,1,0,1.0
0,0.534764349,52,0,0.429829891,6583.0,9,0,2,0,3.0
0,1.218945935,44,3,0.494635741,9786.0,16,0,2,0,0.0
0,0.843257837,60,0,0.46249654,7225.0,6,0,2,0,3.0
0,0.99440112,48,1,0.7876593279999999,3451.0,5,0,2,0,2.0
0,0.01669833,51,0,0.048822124,5857.0,5,0,0,0,0.0
0,0.19484732300000002,72,0,0.18507338399999998,9606.0,21,0,2,0,0.0
0,0.0,61,0,0.0,,5,0,0,0,1.0
0,0.163142106,56,0,0.13462179300000002,3000.0,5,0,1,0,0.0
0,0.0,45,0,0.403704026,11500.0,6,0,1,0,2.0
0,0.32176998,34,0,0.387317323,11700.0,13,0,1,0,0.0
0,0.392249233,50,0,2455.0,,8,0,2,0,0.0
0,0.9704011840000001,39,0,0.603159498,5253.0,5,0,1,0,3.0
0,0.006193149,41,2,14508.0,,7,0,3,0,1.0
0,0.9999998999999999,67,0,0.0,,0,0,0,0,0.0
0,0.6172046999999999,62,1,0.36319124399999997,3471.0,17,0,0,0,2.0
0,0.562306991,47,2,0.231284236,11500.0,12,0,2,0,2.0
0,0.01478545,69,0,34.0,,6,0,0,0,0.0
0,0.579772046,42,0,0.482827609,5997.0,10,0,1,0,1.0
0,0.051168885,45,0,0.004887803,4500.0,1,0,0,0,0.0
0,0.428382755,36,0,0.2706115,6573.0,12,0,1,0,0.0
0,0.0,63,0,0.0,8466.0,8,0,0,0,0.0
0,0.065927612,66,0,0.22155568899999997,5000.0,4,0,1,0,0.0
0,0.22355224399999998,48,0,616.0,,18,0,0,0,0.0
0,0.0,54,0,101.0,,6,0,1,0,0.0
0,0.0017405570000000002,60,0,1112.0,,12,0,2,0,0.0
0,0.388996447,38,0,0.532610727,5350.0,7,0,2,0,1.0
0,0.072744668,71,1,1778.0,,11,0,1,0,0.0
0,0.034432905,66,0,1243.0,,6,0,1,0,0.0
0,0.0,35,0,0.325949854,6500.0,7,0,1,0,2.0
0,0.6385617929999999,49,0,0.5685145189999999,12500.0,25,1,6,0,0.0
0,0.44897006899999997,60,0,0.360734065,9208.0,5,0,2,0,0.0
0,0.142911704,42,0,0.029132908,5800.0,4,0,0,0,3.0
0,0.19527702100000002,24,0,6.0,,5,0,0,0,
0,0.0,44,0,0.098951675,3910.0,3,0,0,0,1.0
0,0.542593344,71,0,0.42060085799999997,5125.0,13,0,0,0,0.0
0,0.075662361,63,0,0.315812527,6848.0,7,0,2,0,0.0
0,0.9999998999999999,75,0,20.0,,3,0,0,0,0.0
0,0.01589841,75,0,539.0,,5,0,1,0,0.0
0,0.435320307,53,0,0.205989111,4407.0,9,0,0,0,1.0
0,0.29277469899999997,67,1,0.528127459,5083.0,8,0,3,0,2.0
0,0.031687043,57,0,0.0051860890000000005,9833.0,4,0,0,0,1.0
0,0.112535546,39,0,0.702131673,5300.0,5,0,2,0,2.0
1,0.808881781,48,4,0.8516423359999999,10959.0,23,2,2,2,3.0
0,0.033827266,71,0,0.128490401,4583.0,5,0,0,0,1.0
0,0.0,41,0,0.5556820029999999,6150.0,11,0,2,0,2.0
0,0.112174565,53,0,2058.0,,5,0,2,0,1.0
0,0.698405644,35,0,0.373862696,4835.0,5,0,1,0,0.0
0,0.031854149,45,0,0.27368158,4000.0,7,0,1,0,0.0
0,0.9999998999999999,59,0,0.21361276699999998,5200.0,5,0,1,0,1.0
0,0.0,58,0,1.19032387,2500.0,13,0,1,0,0.0
0,0.07192169400000001,69,0,0.23057112600000002,6600.0,5,0,1,0,1.0
0,0.634175692,62,0,7019.0,,24,0,6,0,0.0
0,0.111826441,37,0,0.133137543,6128.0,9,0,1,0,0.0
0,0.069344201,51,1,0.29337725,8500.0,8,0,1,0,2.0
0,0.0,75,0,0.026204565,2365.0,15,0,0,0,0.0
0,0.038408509,63,0,591.0,,8,0,1,0,0.0
0,0.137391238,56,0,3.905414668,1458.0,11,0,1,0,5.0
1,0.99064306,68,2,518.0,,6,0,0,0,0.0
0,0.292150436,50,0,0.401047828,5916.0,9,0,1,0,1.0
0,1.010249744,54,0,0.43809155899999996,5176.0,4,0,1,0,0.0
0,0.142571447,35,0,0.195451137,4000.0,4,0,0,0,0.0
0,0.019226474,83,0,0.0073546309999999995,4350.0,4,0,0,0,0.0
1,0.885410514,49,4,0.386295929,12083.0,15,0,2,0,2.0
0,0.9961283040000001,50,1,0.583292383,6104.0,6,0,0,0,1.0
0,0.021690077999999998,57,0,0.18524247800000002,12928.0,14,0,1,0,0.0
0,0.043349437000000005,64,1,0.342299578,7583.0,11,0,3,0,0.0
0,0.043380467,70,0,0.10275,15999.0,13,0,1,0,0.0
0,0.065053572,72,0,0.351932863,11200.0,20,0,1,0,0.0
0,0.6038792239999999,54,0,0.8230884559999999,2000.0,6,0,1,1,0.0
1,0.9999998999999999,45,0,0.20892418199999999,5288.0,8,0,0,0,1.0
0,0.007410623000000001,40,0,0.45602440299999997,5900.0,9,0,2,0,4.0
0,0.12705508599999998,81,0,0.42648342100000003,4583.0,13,0,1,0,0.0
0,0.043659554,55,0,0.027588964,2500.0,2,0,0,0,0.0
0,0.025114599999999997,50,0,70.0,,7,0,0,0,0.0
0,0.31243008699999997,31,0,0.590612503,4750.0,11,0,1,0,0.0
0,0.017473552,42,0,0.10067229800000001,5800.0,7,0,0,0,2.0
0,0.040296208,61,0,2901.0,0.0,7,0,3,0,0.0
0,0.497031436,32,0,0.34195738700000006,8541.0,15,0,2,0,0.0
0,0.000716045,76,0,0.00026864900000000004,11166.0,9,0,0,0,0.0
0,0.345861655,40,0,0.15964141,11600.0,8,0,1,0,2.0
0,0.013331556000000001,30,0,0.278046727,4750.0,4,0,1,0,0.0
0,0.86115993,51,4,2137.0,,17,0,1,0,1.0
0,0.049142381,36,0,0.31930238699999997,7625.0,11,0,2,0,0.0
0,0.115090353,37,0,0.34510999,10500.0,14,0,2,0,0.0
0,0.31655041,34,0,0.240901213,7500.0,12,0,2,0,0.0
0,0.303279146,31,1,0.08130623099999999,3000.0,6,0,0,0,0.0
0,0.0,39,0,64.0,,4,0,0,0,0.0
0,0.39053985700000005,52,0,0.435865131,16667.0,11,0,2,0,4.0
0,0.173294224,39,0,0.083174257,3666.0,5,0,0,0,1.0
0,0.09116002,62,0,112.0,,4,0,0,0,
1,0.619251642,28,0,1.672363391,4446.0,12,0,5,0,0.0
0,0.22900821100000002,78,1,0.521153441,4750.0,19,0,2,1,0.0
0,0.0,51,0,0.46313552399999997,6116.0,6,0,2,0,0.0
0,0.776351971,47,0,0.39031805399999997,4275.0,9,0,2,0,3.0
0,0.561052232,36,0,0.362192394,8939.0,15,0,2,0,0.0
0,0.193349915,44,0,0.10505294400000001,10765.0,13,0,0,0,0.0
1,1.180995475,51,2,571.0,,5,3,0,1,
0,0.9999998999999999,32,0,0.0,3000.0,0,0,0,0,0.0
0,0.14925617800000002,41,0,0.131986801,10000.0,5,0,1,0,3.0
0,0.286659589,54,0,0.48793029600000004,7000.0,13,0,2,0,1.0
0,0.768952115,41,0,4224.0,,9,0,2,0,2.0
0,0.03852119,33,0,230.0,,9,0,0,0,1.0
0,0.084686518,48,0,0.392967942,2900.0,7,0,2,0,1.0
0,0.155526431,47,0,0.198758932,5317.0,11,0,1,0,3.0
0,0.147742613,50,0,0.176616915,6833.0,2,0,1,0,0.0
0,0.023992085,58,0,0.613951266,6278.0,12,0,4,0,0.0
0,0.008901034,46,0,0.395760424,10000.0,23,0,3,0,0.0
0,0.0,80,0,0.0,,3,0,0,0,0.0
0,0.6241633360000001,65,0,6736.0,,18,0,4,0,0.0
0,0.04104725,50,0,0.273550153,9500.0,9,0,1,0,1.0
0,0.760174855,50,0,0.35129210899999996,8667.0,7,0,1,0,0.0
0,0.084744407,67,1,0.628145387,2145.0,10,0,1,0,0.0
0,0.900026309,34,2,0.18788591600000001,3400.0,3,0,0,0,0.0
0,0.0,39,0,0.735131912,6708.0,13,0,2,0,2.0
0,0.023460937,59,0,0.731461483,8333.0,17,0,4,0,0.0
0,0.194820868,56,0,762.0,,4,0,0,0,0.0
0,0.176460208,31,0,0.10471847,5700.0,8,0,0,0,0.0
0,0.033874421,54,0,2593.0,,7,0,3,0,
1,0.556851426,53,1,0.615190385,9900.0,14,0,3,0,0.0
0,0.41583131700000003,29,0,0.245020398,8333.0,7,0,1,0,0.0
1,0.5052784,62,0,0.414859252,6500.0,23,0,0,0,2.0
0,0.0,58,0,2397.0,,7,0,1,0,
0,0.051132767999999995,69,0,0.225419664,2501.0,3,0,0,0,0.0
0,0.523231785,29,0,347.0,0.0,5,0,0,0,2.0
0,0.47137643100000004,39,0,0.959550562,5339.0,6,0,1,0,0.0
0,0.216677672,32,0,0.18931872600000002,2920.0,6,0,0,0,1.0
0,0.92040398,39,0,0.6760370240000001,2916.0,6,0,2,0,2.0
0,0.41891621700000004,27,0,0.22659213399999997,5008.0,6,0,0,0,0.0
0,0.06399566799999999,55,0,0.19183330199999998,10701.0,13,0,1,0,2.0
0,0.91206544,40,1,0.551641313,2497.0,5,0,0,0,4.0
0,0.9999998999999999,47,0,0.418290855,2000.0,2,0,1,0,2.0
0,0.728481313,47,0,0.98863995,6337.0,11,0,3,0,2.0
0,0.11393447400000001,41,0,0.257820311,7000.0,7,0,1,0,1.0
0,0.266914824,47,0,0.974102681,2200.0,13,0,2,1,1.0
0,0.777875329,48,0,0.51069786,5000.0,11,0,2,0,1.0
0,0.052371522000000004,56,0,0.011134308,7184.0,2,0,0,0,0.0
0,0.6750183359999999,34,0,0.765110387,5525.0,11,0,2,0,2.0
0,0.056773468,81,0,1319.0,,4,0,1,0,
1,0.565141887,37,0,0.74625075,5000.0,8,0,1,0,2.0
0,0.525611717,45,1,0.20087402,6635.0,15,0,0,0,2.0
0,0.08441663199999999,47,0,0.19199616,16666.0,5,0,2,0,2.0
0,0.0,55,0,0.39658694899999997,8320.0,5,0,1,0,1.0
0,0.308043154,36,0,0.853733269,6200.0,11,0,2,0,0.0
0,0.9999998999999999,31,0,0.0,2666.0,0,0,0,0,2.0
0,0.088622326,45,0,0.226201134,3350.0,4,0,0,0,2.0
0,0.107923781,46,0,0.34304120299999996,7450.0,14,0,2,0,1.0
0,0.42498653700000005,60,0,0.615769176,7000.0,15,0,2,0,0.0
0,0.987937967,45,0,0.687453416,4024.0,8,3,1,0,4.0
1,0.97872026,46,0,1.222168752,6233.0,7,1,2,1,1.0
0,0.545030331,48,0,0.7389469009999999,4500.0,6,0,3,0,0.0
0,0.000355926,63,0,0.22525611199999998,24500.0,10,0,2,0,3.0
0,0.0,58,1,0.350839776,3750.0,11,0,1,0,0.0
0,0.011996718,53,0,0.363000636,12583.0,19,0,2,0,2.0
0,0.003004975,66,0,0.000939261,3193.0,3,0,0,0,0.0
0,0.584303119,44,0,7806.0,,14,0,4,0,2.0
0,0.062613821,62,0,745.0,,10,0,1,0,0.0
0,0.70857316,33,1,0.66208589,4074.0,10,1,1,0,0.0
0,0.278891883,62,0,0.429077018,17800.0,14,0,4,0,1.0
0,0.256364895,41,0,1272.0,,5,0,1,0,0.0
1,0.042165085,64,2,0.194083996,7166.0,13,1,0,0,2.0
0,0.03125625,52,0,0.28314431,5113.0,16,0,1,0,0.0
0,0.536027898,60,0,0.5464949929999999,2795.0,7,0,0,0,0.0
0,0.23423393399999998,74,0,0.466435421,4900.0,12,0,1,0,1.0
0,0.05699918599999999,80,0,2853.0,,11,0,1,0,0.0
0,0.017255171,35,0,2.089344262,1219.0,12,1,1,0,3.0
0,0.5220535860000001,55,0,0.071232192,4000.0,2,0,0,0,0.0
0,0.0,64,0,0.0,7500.0,3,0,0,0,0.0
0,0.805029764,62,0,0.429883815,3700.0,19,0,0,0,0.0
1,1.738768719,39,0,0.06682452,3800.0,4,2,0,1,1.0
0,0.0064731680000000005,44,0,0.244049383,10124.0,6,0,3,0,8.0
0,0.47185578100000003,27,0,0.485966936,2600.0,7,0,0,0,1.0
0,0.9999998999999999,40,0,0.010497376000000001,4000.0,0,1,0,0,1.0
0,0.088225305,78,0,0.14802726300000002,10416.0,9,0,1,0,1.0
0,0.808794137,31,0,0.473233405,1400.0,5,0,0,0,0.0
0,0.5581104720000001,42,0,0.038080334,3833.0,4,0,0,0,4.0
0,0.6833970340000001,50,1,0.811337732,3333.0,9,0,1,0,0.0
0,0.302227225,64,0,0.189887119,6466.0,13,0,0,0,1.0
0,0.06311272,57,0,0.068586283,5000.0,17,0,0,0,0.0
0,0.310161654,42,0,0.302080853,21000.0,12,0,1,0,2.0
0,0.567264526,40,0,0.36973623299999997,2160.0,5,0,0,0,0.0
0,0.0,57,0,0.173841308,6666.0,10,0,1,0,0.0
0,0.060100814,67,0,0.162924152,4007.0,7,0,0,0,0.0
0,0.0,40,0,0.37965862,9900.0,5,0,1,0,1.0
1,0.112222092,59,3,0.517015958,5200.0,9,0,2,0,0.0
0,0.0,55,0,0.105309931,4500.0,7,0,0,0,1.0
0,0.015323631,44,0,0.208842195,18750.0,9,0,3,0,2.0
0,0.199933356,88,0,0.002571061,7000.0,4,0,0,0,0.0
0,0.232671242,71,0,0.182082043,5167.0,7,0,1,0,0.0
0,0.9999998999999999,40,0,60.0,,0,0,0,0,
0,0.080661289,52,0,0.157077393,11783.0,14,0,1,0,2.0
1,0.9999998999999999,25,0,0.2951438,2120.0,4,1,0,0,0.0
0,0.012557779,56,0,36.0,,13,0,0,0,0.0
0,0.803576075,70,0,1305.0,,8,0,0,0,0.0
1,0.11660279300000001,40,0,0.42487684700000006,2435.0,7,0,0,0,2.0
0,0.277063874,70,1,0.41622115,7668.0,20,0,2,0,0.0
0,0.17224272100000002,50,0,0.339196445,5400.0,11,0,2,0,3.0
0,0.523573821,36,0,0.15491100900000002,4550.0,4,0,0,0,0.0
0,0.953708605,65,1,0.410904024,5740.0,11,0,2,0,0.0
1,1.8911693509999998,63,0,0.28077192300000003,10000.0,8,0,1,0,0.0
0,0.0050432590000000005,43,0,0.23774098100000002,12500.0,4,0,1,0,1.0
1,0.18243440800000002,40,1,0.836034519,4750.0,21,0,1,0,1.0
1,0.89647667,38,0,0.311935067,5420.0,9,0,1,0,2.0
0,0.6642696060000001,68,0,0.506615701,3400.0,11,0,2,0,0.0
0,0.036574452,67,0,0.532167108,8688.0,18,0,1,0,1.0
0,0.11349814800000001,54,0,1.043970686,1500.0,13,0,1,0,1.0
0,0.13013807300000002,25,0,24.0,,2,0,0,0,
0,0.07219992,52,0,0.166365108,10500.0,16,0,2,0,0.0
0,0.016206586000000002,69,0,0.003004447,8320.0,3,0,0,0,0.0
0,0.294369743,36,0,0.634356762,3940.0,16,0,2,0,0.0
0,0.042382985,68,0,0.271654018,8300.0,8,0,3,0,1.0
0,0.9999998999999999,32,0,579.0,,1,0,1,0,0.0
0,0.026425668,65,0,0.103089691,10000.0,10,0,1,0,1.0
0,0.015477552,66,0,0.151561044,8583.0,4,0,1,0,0.0
0,0.019754535,76,0,0.549209646,8666.0,16,0,2,0,0.0
0,0.9999998999999999,45,1,0.121491734,2600.0,1,0,0,0,0.0
0,0.9999998999999999,36,0,0.013433302,3200.0,5,2,0,0,1.0
0,0.050590885999999995,36,0,0.862627475,3333.0,8,0,2,0,0.0
0,0.468569267,65,0,0.328431949,8500.0,8,0,2,0,0.0
0,0.051582882000000004,56,0,0.481599778,7200.0,8,0,2,0,3.0
0,0.35888567299999996,60,0,0.65378543,13300.0,17,0,2,0,0.0
0,594.0,58,0,0.310692093,14000.0,5,0,1,0,1.0
0,0.24702199800000002,57,0,0.44759810299999997,14550.0,11,0,4,0,0.0
0,0.01682039,50,0,0.129980003,6500.0,18,0,0,0,0.0
0,0.025571503,54,0,0.23416608,5683.0,6,0,1,0,0.0
0,0.125823247,52,0,0.180296811,9500.0,4,0,1,0,2.0
1,0.022324442000000003,74,0,0.745848865,2950.0,9,1,2,0,0.0
1,0.46511627899999997,47,5,0.245709502,7166.0,4,1,1,0,1.0
0,0.14455287,66,0,0.188176763,6833.0,15,0,0,0,0.0
0,0.661935685,54,0,1.048671402,3800.0,15,0,1,0,0.0
0,0.024315418999999998,87,0,109.0,,5,0,0,0,0.0
0,0.076086747,51,0,0.620088352,4300.0,18,0,1,0,0.0
0,0.36573074200000005,60,0,0.669504644,2583.0,11,0,2,0,0.0
0,0.981486243,44,0,2.205432937,2944.0,6,0,2,0,2.0
0,0.10955143199999999,48,1,0.247468076,9083.0,24,1,1,0,4.0
0,0.063581567,52,0,0.45938061,4455.0,6,0,1,0,0.0
0,0.135171721,60,0,0.021733995,8465.0,6,0,0,0,0.0
0,0.023118958,55,0,0.390198741,8100.0,9,0,3,0,0.0
0,0.0,50,1,0.32016893,17521.0,9,0,2,0,3.0
0,0.7940577670000001,52,0,0.5336081739999999,11157.0,49,0,1,0,0.0
0,0.9999998999999999,36,0,0.5133946420000001,2500.0,6,0,1,0,0.0
0,0.342746816,46,0,0.28367908,4000.0,9,0,1,0,1.0
0,0.60473099,37,0,0.459438677,2600.0,11,0,0,0,2.0
0,0.071276352,45,0,0.309555855,5200.0,6,0,1,0,0.0
0,0.035861038,73,0,0.259179266,4166.0,8,0,1,0,0.0
0,0.42494334200000006,48,0,0.283429143,4000.0,12,0,0,0,0.0
0,0.22982216100000002,41,0,0.021195761,5000.0,7,0,0,1,3.0
0,0.007789646999999999,58,0,1602.0,,4,0,1,0,
0,0.026358946,69,0,23.0,,4,0,0,0,0.0
1,0.9826730779999999,50,0,4186.0,,10,0,2,0,0.0
0,0.9999998999999999,65,0,1277.5,1.0,5,0,1,0,1.0
0,0.723915683,43,0,0.474640974,5500.0,11,0,0,0,3.0
0,0.10655104900000001,74,0,0.905039567,2400.0,13,0,0,0,0.0
0,0.9999998999999999,51,1,0.266717518,7865.0,9,0,2,0,0.0
0,0.218111561,38,0,1.329335332,2000.0,8,0,2,0,2.0
0,0.0,31,0,0.282976325,2660.0,6,0,1,1,0.0
0,0.091053244,61,0,0.441093151,6000.0,17,0,1,0,0.0
0,0.017204613,33,0,0.263578893,7750.0,5,0,1,0,1.0
0,0.003928478,63,0,0.0004993759999999999,8009.0,2,0,0,0,0.0
1,0.600179464,32,3,1144.0,,4,0,1,0,1.0
0,0.013799655,65,0,0.082228117,4900.0,7,0,0,0,3.0
0,0.13270938300000001,60,0,0.451592755,1600.0,4,0,0,0,0.0
0,0.433390166,51,0,0.428720809,5737.0,23,0,1,0,0.0
0,0.105645339,45,0,0.288777792,7600.0,7,0,1,0,1.0
0,0.064003696,82,0,1754.0,,15,0,1,0,0.0
0,0.27129480899999997,60,1,0.20835584399999998,5552.0,6,0,1,0,0.0
0,0.012347449,67,1,3373.0,,19,0,3,0,0.0
0,0.604348155,43,0,0.159668666,3500.0,7,0,0,0,0.0
0,0.437460549,45,0,0.356742258,4100.0,9,1,1,0,3.0
0,0.40616799,49,0,0.188710083,7953.0,9,0,0,0,1.0
0,0.02611354,60,0,0.250261155,6700.0,3,0,1,0,0.0
0,0.017560547,48,0,2685.0,,12,0,4,0,1.0
1,0.0077266869999999994,72,0,1.0200966679999999,3930.0,13,0,4,0,1.0
0,0.00252249,63,0,0.22515544899999998,9166.0,13,0,3,0,0.0
0,0.15705446,34,0,0.14969049,3553.0,7,0,0,0,2.0
0,0.7434848159999999,60,1,2825.0,,6,0,1,0,0.0
0,0.06389840299999999,47,1,0.120575885,5000.0,11,0,0,0,1.0
0,0.19642342100000001,47,1,0.40141155700000003,6800.0,9,0,1,0,0.0
0,0.020690365,47,1,7928.0,,14,0,5,0,0.0
0,0.082840763,77,0,55.0,,4,0,0,0,0.0
0,0.64352228,39,0,0.315609895,7033.0,7,0,2,0,0.0
0,0.006992412,67,1,0.000967638,9300.0,5,0,0,0,0.0
0,0.936003047,44,0,0.155335146,6250.0,3,0,0,0,1.0
0,0.04395604400000001,22,0,0.001218027,820.0,2,0,0,0,0.0
0,0.516921328,50,1,0.354162661,5200.0,22,0,0,0,0.0
0,0.004208628,37,1,3077.0,,6,0,1,0,0.0
0,0.016052813,39,0,3371.0,,12,0,2,0,0.0
0,0.560057598,71,0,647.0,,3,0,0,1,0.0
0,0.016389058,56,0,0.012658228,1500.0,10,0,0,0,0.0
0,0.9999998999999999,27,0,0.003271538,1833.0,0,0,0,0,0.0
0,0.28248952,33,1,1462.0,,6,1,2,2,0.0
0,0.085462161,40,0,0.227349639,6500.0,14,0,2,0,0.0
0,0.0,79,0,0.0,3500.0,6,0,0,0,0.0
0,0.21350771899999998,41,1,443.0,,16,0,0,0,0.0
1,0.878940155,52,0,0.595330739,8223.0,21,0,1,0,0.0
0,0.95476131,28,0,593.0,,4,0,0,0,0.0
0,0.074074074,57,0,0.522990211,10112.0,22,0,2,0,1.0
0,0.275456755,75,0,749.0,,8,0,1,0,0.0
0,0.771564767,49,0,0.424660795,4200.0,12,0,1,0,0.0
0,0.043017722,62,0,0.18644607100000002,22000.0,10,0,1,0,0.0
0,0.9999998999999999,78,0,0.037781109,3334.0,1,0,0,0,0.0
0,0.014027648,69,0,0.074493927,4939.0,13,0,0,0,0.0
0,0.0,63,0,0.14871711099999999,18356.0,7,0,1,0,2.0
0,0.0,55,1,0.186656267,33333.0,10,0,3,0,0.0
0,0.154331952,51,0,0.129224149,7900.0,9,0,1,0,2.0
0,0.775074655,70,0,0.43285976200000004,4363.0,7,0,1,0,0.0
0,0.00698789,58,0,845.0,,10,0,1,0,0.0
0,0.046773857,51,0,1.036991369,2432.0,7,0,2,0,3.0
0,0.036743554,37,0,6915.0,,21,0,3,0,3.0
0,0.02065048,67,0,0.005165805999999999,6000.0,6,0,0,0,1.0
0,0.0,37,0,3.2421441769999997,540.0,7,0,1,0,1.0
0,0.048063826,64,0,0.36239723100000004,4621.0,7,0,1,0,0.0
0,0.003645023,48,0,0.21188941100000003,9150.0,4,0,1,0,3.0
0,0.016161725,81,0,29.0,,6,0,0,0,0.0
0,0.9999998999999999,56,0,0.034321893,3000.0,1,0,0,0,0.0
0,0.107100899,60,0,2850.0,,7,0,1,0,0.0
0,0.0,66,0,69.0,,5,0,1,0,0.0
0,0.897350442,36,0,0.076124567,2600.0,4,0,0,0,0.0
0,0.257028573,48,0,0.242548077,4159.0,9,0,0,0,3.0
0,0.011116173,76,0,28.0,,5,0,0,0,0.0
0,0.0,59,0,3850.0,,16,0,3,0,0.0
0,0.22056898,37,0,0.30475124,6250.0,6,0,1,0,2.0
1,0.421942327,44,1,0.369968717,4794.0,7,1,1,1,1.0
0,0.199369773,80,0,49.0,,3,0,0,0,0.0
0,0.015611136000000001,45,0,0.137558634,9166.0,8,0,1,0,3.0
0,0.06457062599999999,78,0,0.24410078699999999,7500.0,7,0,2,0,0.0
0,0.018549956,72,0,0.008738061,4920.0,11,0,0,0,0.0
0,0.27649067899999996,59,1,0.152483391,3160.0,5,0,0,0,0.0
0,0.900919947,38,0,0.345231846,5714.0,8,0,0,0,3.0
0,0.6781194309999999,31,0,0.707844905,4435.0,9,0,1,0,2.0
0,0.378134884,66,0,0.23202171,3684.0,13,0,0,0,2.0
0,0.17790273,70,1,0.383067134,7700.0,13,0,2,0,0.0
0,0.01301974,47,0,0.00379924,5000.0,2,0,0,0,3.0
0,0.110424077,50,0,6.113124387999999,8167.0,7,0,1,0,0.0
0,0.031565442,69,0,838.0,,4,0,1,0,0.0
0,0.520558206,52,0,0.35754074700000005,9693.0,8,0,2,0,0.0
0,0.5794275720000001,27,0,0.370253165,3475.0,17,0,0,0,0.0
0,0.022144177999999997,58,0,0.60689885,6000.0,10,0,1,0,0.0
0,1.0163487740000001,30,0,513.0,,7,0,0,0,0.0
0,0.20450606600000001,45,0,0.234257975,7209.0,6,0,2,0,1.0
0,0.7211118590000001,55,0,0.722952866,10416.0,23,0,1,0,0.0
0,0.05992167599999999,59,0,0.439417269,8442.0,13,0,2,0,1.0
0,0.015497381999999999,72,0,0.590049054,2853.0,11,0,1,0,0.0
0,0.157429844,58,1,0.31528344,13000.0,16,0,1,0,0.0
0,0.854518185,55,0,0.348428036,10400.0,7,0,2,0,0.0
0,0.100544384,65,0,27.0,,2,0,0,0,0.0
1,0.998423508,55,0,0.620213911,15800.0,10,0,2,0,0.0
0,0.36986790399999997,23,0,31.0,,2,0,0,0,0.0
0,0.001999925,47,1,470.0,1.0,9,0,2,0,4.0
0,0.6801066309999999,43,0,0.512897421,3333.0,8,0,1,0,0.0
0,0.044950391,55,0,2768.0,,8,0,2,0,3.0
0,0.217204625,36,0,1919.0,,9,0,1,0,3.0
0,0.609033621,42,0,0.311413969,5869.0,8,0,0,0,3.0
0,0.610959269,46,0,0.292151809,11250.0,4,0,3,0,2.0
0,0.0,57,0,114.0,,10,0,0,0,0.0
0,0.064355126,37,0,2892.0,,8,0,2,0,0.0
0,0.684798589,26,0,501.0,,3,0,0,0,0.0
0,0.001197392,72,0,3830.0,,9,0,3,0,0.0
1,0.9999998999999999,32,0,0.026263165,7500.0,3,1,0,0,0.0
0,0.8798826820000001,57,1,0.251874063,2000.0,3,0,0,0,0.0
0,0.16337034,39,0,0.395017794,5900.0,8,0,2,0,1.0
0,0.253387331,43,0,0.028496438,5333.0,1,0,0,0,0.0
0,0.090729221,60,0,0.45097687799999997,5578.0,9,0,1,0,1.0
0,0.19855914800000002,55,2,0.77991453,6083.0,12,0,2,0,2.0
0,0.9999998999999999,25,0,0.11953352800000001,2400.0,1,0,0,0,1.0
0,0.0,62,0,0.589041096,2700.0,6,0,1,0,0.0
0,0.036171722999999996,40,0,0.009865351,7500.0,4,0,0,0,3.0
0,0.084352594,66,0,0.07574536700000001,2481.0,10,0,0,0,0.0
0,0.120643968,33,0,0.574794716,2800.0,4,0,2,0,0.0
0,0.271222139,43,0,0.367922934,11833.0,10,0,2,0,0.0
0,0.122464226,72,0,0.015582488,4042.0,4,0,0,0,0.0
0,0.021418746000000002,76,0,0.006344934,5200.0,4,0,0,0,1.0
0,0.32639128300000003,39,0,749.0,1.0,6,0,1,0,2.0
0,0.330626226,41,0,0.267218623,8333.0,7,0,1,0,1.0
0,0.334115155,37,2,0.35426237899999996,1958.0,8,0,0,0,0.0
0,0.03179841,32,0,0.16920769800000002,4000.0,11,0,0,0,0.0
0,0.5295168029999999,45,0,0.560221989,6666.0,10,0,2,0,0.0
0,0.005987364,67,0,0.00419916,5000.0,10,0,0,0,0.0
0,0.072182249,38,0,0.36072785399999996,5000.0,7,0,1,0,3.0
0,0.0,48,0,0.244309959,7600.0,14,0,1,0,1.0
0,0.040761415,63,0,105.0,,12,0,0,0,
0,0.482744749,34,0,932.0,,4,0,0,0,1.0
0,0.048365054000000005,55,0,285.0,,4,0,0,0,0.0
0,0.8634230490000001,65,0,4697.0,,17,0,0,0,2.0
0,0.9999998999999999,64,0,395.0,,1,0,0,1,0.0
0,0.595800233,42,1,0.517901453,2820.0,4,0,1,0,2.0
0,0.9999998999999999,46,2,0.7926727729999999,1200.0,3,2,1,1,3.0
0,0.108480265,58,0,0.39859320000000004,2558.0,6,0,1,0,0.0
0,0.12206712199999999,55,0,897.0,,7,0,2,0,2.0
0,0.089437271,48,0,0.552978808,5001.0,14,0,2,0,4.0
0,0.807705824,51,0,0.477252275,10000.0,12,0,2,0,1.0
0,0.0,36,0,0.10805908300000001,3858.0,3,0,1,0,2.0
0,0.448646174,43,0,0.2173417,1752.0,4,0,0,0,0.0
0,0.03509649,47,0,255.0,,4,0,0,0,0.0
0,0.44282984799999997,39,1,0.951219512,2992.0,4,0,1,0,2.0
0,0.152825079,54,2,0.35117118799999997,10800.0,18,0,2,0,2.0
1,0.08514305400000001,43,0,7.0,,1,1,0,1,0.0
0,0.36572111700000004,40,0,0.039230479,2650.0,5,0,0,0,1.0
0,0.007664860999999999,42,0,0.064223386,8594.0,4,0,0,0,2.0
0,0.200660586,34,0,2830.0,,8,0,2,0,0.0
0,0.149963622,48,0,0.39523023799999996,13333.0,8,0,1,0,0.0
0,0.084535372,67,0,55.0,,5,0,0,0,0.0
0,0.008525867,34,0,0.049606017,5583.0,8,0,0,0,0.0
0,0.12963875800000002,25,2,0.051189762,5000.0,9,0,0,1,1.0
1,0.6294820720000001,30,0,4094.0,,7,0,3,0,0.0
1,1.112273147,49,1,0.33139050800000003,1200.0,4,0,0,0,2.0
0,0.933008946,52,1,0.467559648,21500.0,12,0,4,0,0.0
0,0.9999998999999999,80,0,0.463896104,1924.0,5,1,1,0,0.0
0,0.014258644,78,0,0.11037735800000001,4239.0,8,0,0,0,0.0
1,0.84180791,43,3,0.44231570200000003,2400.0,5,0,0,0,0.0
0,0.017636813,69,0,0.018691588999999998,3958.0,11,0,0,0,0.0
0,0.002707774,48,0,3997.0,,8,0,1,0,
0,0.0,29,0,0.0,2900.0,4,0,0,0,0.0
0,0.40269718600000004,51,2,0.184437028,5692.0,5,0,0,0,3.0
1,0.326416514,44,0,0.358511525,3600.0,11,0,0,0,0.0
0,0.0,81,0,0.0,,4,0,0,0,0.0
0,0.048632523,58,0,2793.0,,11,0,1,0,0.0
0,0.8430637390000001,45,1,960.0,,10,0,1,1,1.0
0,0.636629703,45,1,0.525286868,4705.0,11,0,1,0,2.0
0,0.9999998999999999,41,0,0.255565863,2155.0,3,0,1,0,1.0
0,0.32078877899999997,73,0,0.6597462510000001,2600.0,7,0,1,0,0.0
0,0.000730957,64,0,23.0,,20,0,0,0,0.0
0,0.23901984399999998,56,0,0.364987797,4506.0,9,0,1,0,3.0
0,0.458251507,61,0,2240.0,,11,0,2,0,0.0
0,0.069294143,68,0,106.0,,4,0,0,0,0.0
0,0.44125267,38,0,0.8834853090000001,2960.0,8,0,2,0,4.0
0,0.032720404,72,0,17.0,,7,0,0,0,
0,0.036235705,64,0,0.09495569699999999,14332.0,5,0,1,0,0.0
0,0.159823944,63,0,828.0,,6,0,1,0,0.0
0,0.20350206699999998,52,0,0.062566278,6600.0,6,0,0,0,1.0
0,0.031659367,60,0,0.170069855,7443.0,11,0,1,0,3.0
0,0.9999998999999999,75,0,2591.0,,9,0,2,0,0.0
0,0.005912265,50,0,0.363751184,9500.0,8,0,1,0,4.0
0,0.08900446099999999,63,0,0.108294585,6666.0,5,0,1,0,0.0
0,0.710675906,44,0,2204.0,,5,0,1,0,2.0
0,0.9999998999999999,33,0,0.0,3375.0,1,0,0,0,3.0
0,0.10425358,52,0,3807.0,,8,0,2,0,1.0
0,0.9999998999999999,63,0,0.17680237899999998,9750.0,7,0,2,0,1.0
0,0.5108811879999999,39,3,3.702552719,900.0,25,0,1,0,0.0
0,0.25615923399999996,61,0,0.40276124700000004,4200.0,11,0,0,0,0.0
0,0.118939459,48,0,0.540762614,7788.0,5,0,3,0,5.0
0,0.48500345799999994,35,2,0.792488517,3700.0,14,0,2,0,2.0
0,0.17916416699999999,41,1,0.830141549,1200.0,4,0,2,0,0.0
0,0.0,68,0,0.0,,3,0,0,0,
0,0.065751626,59,0,0.191137045,19022.0,10,0,2,0,2.0
0,0.043865673,46,0,0.143952141,5348.0,10,0,1,0,0.0
0,0.770191507,24,0,0.141868512,2600.0,3,0,0,0,0.0
0,0.015232204,41,0,0.146155245,5500.0,9,0,0,0,4.0
0,0.067191828,73,0,4693.0,,8,0,2,0,0.0
0,0.018375646000000002,59,0,0.008951528,10500.0,16,0,0,0,0.0
0,0.583731772,63,1,2394.0,,7,0,0,0,1.0
0,0.417991292,47,1,0.427618806,11846.0,17,0,4,0,1.0
1,0.9999998999999999,50,4,2432.0,,7,0,2,1,3.0
0,0.10694733,56,0,1.244889988,7680.0,22,0,3,0,1.0
0,0.963969062,34,0,0.386666667,4049.0,7,0,1,0,2.0
0,0.32016749,51,0,0.21199547300000002,2650.0,3,0,1,0,0.0
0,0.9511755359999999,52,0,2695.0,,24,0,0,0,1.0
0,0.15698953400000001,57,0,0.015264466,5633.0,6,0,0,0,0.0
0,0.045347797999999995,35,0,0.17598400100000003,11000.0,14,0,1,0,0.0
1,0.156745116,33,0,1.156445267,4320.0,8,0,2,0,0.0
1,0.0,39,0,0.039619165,3255.0,1,7,0,0,0.0
0,0.006816846999999999,67,0,0.416597234,6000.0,13,0,3,0,0.0
0,0.016075623,81,0,0.018502944,2377.0,10,0,1,0,0.0
0,0.038512162,44,1,0.090272763,18000.0,10,0,2,0,1.0
0,0.731925765,65,0,0.41609719100000003,3950.0,10,0,0,0,0.0
0,0.23987476,52,0,0.55381413,8166.0,13,0,2,0,0.0
0,0.9999998999999999,29,0,0.0,2800.0,1,0,0,0,0.0
0,0.183049785,35,0,0.057859880999999995,5737.0,11,0,0,0,1.0
0,0.016207658,64,0,0.320419895,4000.0,5,0,1,0,0.0
0,0.044177802,90,0,13.0,,4,0,0,0,
0,0.9999998999999999,53,0,0.0,,6,0,0,0,0.0
0,0.370349005,48,1,0.87807928,7996.0,9,1,4,0,3.0
0,0.014306857,31,0,0.521194348,3750.0,6,0,2,0,1.0
0,0.09259139,60,0,0.34714762299999996,17686.0,6,0,1,0,0.0
0,0.9999998999999999,43,0,0.9360942520000001,2800.0,6,0,2,0,0.0
0,0.09167036099999999,33,0,2.021978022,1000.0,5,0,1,0,0.0
0,0.12215207199999999,70,0,0.08748541900000001,6000.0,5,0,0,0,0.0
0,0.36970421,53,2,1.364978195,2980.0,13,1,4,0,0.0
0,0.015699477,60,0,0.590939374,1500.0,3,0,1,0,0.0
0,0.055420351,59,1,2215.0,,8,0,1,0,0.0
0,0.056351284,70,0,0.224481152,7082.0,7,0,2,0,0.0
0,0.7700388000000001,63,1,0.58612814,8318.0,15,0,2,0,1.0
0,0.9999998999999999,56,98,0.0,7781.0,0,98,0,98,5.0
0,0.09860954,48,0,0.26446281,3750.0,5,0,1,0,0.0
0,0.99000999,35,1,1254.0,,10,1,0,0,0.0
0,0.002352757,27,0,0.16793282699999998,2500.0,7,0,0,0,0.0